<?xml version="1.0" encoding="UTF-8"?>
<extension version="3.1" type="file" method="upgrade">
	<name>files_joomla</name>
	<author>XAP! Project</author>
	<authorEmail>support@devxive.com</authorEmail>
	<authorUrl>www.devxive.com</authorUrl>
	<copyright>(C) 1997 - 2013 devXive - research and development. All rights reserved</copyright>
	<license>GNU General Public License version 2 or later; see LICENSE.txt</license>
	<version>3.1.5</version>
	<creationDate>2013-08-02</creationDate>
	<description>FILES_JOOMLA_XML_DESCRIPTION</description>

	<scriptfile>administrator/components/com_admin/script.php</scriptfile>

	<update> <!-- Runs on update; New in 1.7 -->
		<schemas>
			<schemapath type="mysql">administrator/components/com_admin/sql/updates/mysql</schemapath>
			<schemapath type="sqlsrv">administrator/components/com_admin/sql/updates/sqlsrv</schemapath>
		</schemas>
	</update>

	<fileset>
		<files>
			<folder>administrator</folder>
			<folder>bin</folder>
			<folder>cache</folder>
			<folder>cli</folder>
			<folder>components</folder>
			<folder>images</folder>
			<folder>includes</folder>
			<folder>language</folder>
			<folder>layouts</folder>
			<folder>libraries</folder>
			<folder>logs</folder>
			<folder>media</folder>
			<folder>modules</folder>
			<folder>plugins</folder>
			<folder>templates</folder>
			<folder>tmp</folder>
			<file>htaccess.txt</file>
			<file>web.config.txt</file>
			<file>LICENSE.txt</file>
			<file>README.txt</file>
			<file>index.php</file>
		</files>
	</fileset>

	<updateservers>
		<server type="collection">https://raw.github.com/devXive/xive-application-platform/master/updlists/core.xml</server>
		<server type="collection">https://raw.github.com/devXive/xive-application-platform/master/updlists/apps.xml</server>
	</updateservers>
</extension>
