<?xml version="1.0" encoding="utf-8" ?>
<extension type="package" version="3.1" method="upgrade">
    <name>German Language Pack</name>
    <packagename>de-DE</packagename>
    <version>3.1.1.1</version>
    <creationDate>06/06/2013</creationDate>
    <author>devXive</author>
    <authorEmail>support@devxive.com</authorEmail>
    <authorUrl>http://www.devxive.com</authorUrl>
    <copyright>Copyright (C) 1997 - 2013 devXive - research and development. All rights reserved.</copyright>
    <license>GNU General Public License version 2 or later; see LICENSE.txt</license>
    <url></url>
    <packager></packager>
    <packagerurl></packagerurl>
    <description>German XAP translation files</description>
    <files>
        <file type="language" client="site" id="de-DE">site</file>
        <file type="language" client="administrator" id="de-DE">admin</file>
    </files>
    <updateservers>
        <server type="collection" priority="1" name="XAP Translations">https://raw.github.com/devXive/xive-application-platform/master/updlists/translations.xml</server>
    </updateservers>
</extension>